Session Name,Session Type,Session Start Time,Session Is Complete,Common Name,Genus,Species,Number,Latitude,Longitude,Accuracy,Zone,Date,Time
2.02001E+11,BIO212,1/22/2020,Y,Rock Pigeon,Columba,livia,5,30.6630752,76.7315528,24.62299919,AB,1/22/2020,10:15
2.02001E+11,BIO212,1/22/2020,Y,Black Kite,Milvus,migrans,1,30.6629222,76.7315116,22.85700035,AB,1/22/2020,10:16
2.02001E+11,BIO212,1/22/2020,Y,Rufous Treepie,Dendrocitta,vagabunda,1,30.6628432,76.7316476,22.1989994,AB,1/22/2020,10:19
2.02001E+11,BIO212,1/22/2020,Y,Black Kite,Milvus,migrans,1,30.6625185,76.7310253,10,AB,1/22/2020,10:21
2.02001E+11,BIO212,1/22/2020,Y,Black Drongo,Dicrurus,macrocercus,1,30.6622919,76.7307208,24.30200005,AB,1/22/2020,10:22
2.02001E+11,BIO212,1/22/2020,Y,Common Chiffchaff,Phylloscopus,collybita,2,30.6618163,76.7296718,19.7159996,Towards INST,1/22/2020,10:29
2.02001E+11,BIO212,1/22/2020,Y,Common Chiffchaff,Phylloscopus,collybita,1,30.6613475,76.7289043,11.62199974,Towards INST,1/22/2020,10:33
2.02001E+11,BIO212,1/22/2020,Y,Common Chiffchaff,Phylloscopus,collybita,1,30.661343,76.7289002,13.16300011,Towards INST,1/22/2020,10:33
2.02001E+11,BIO212,1/22/2020,Y,Plain Prinia,Prinia,inornata,5,30.6612697,76.7289041,19.58600044,Towards INST,1/22/2020,10:35
2.02001E+11,BIO212,1/22/2020,Y,White-throated Fantail,Rhipidura,albicollis,3,30.6611675,76.7289775,22.39500046,Towards INST,1/22/2020,10:40
2.02001E+11,BIO212,1/22/2020,Y,Red-wattled Lapwing,Vanellus,indicus,3,30.6612726,76.7287807,22.91500092,Towards INST,1/22/2020,10:41
2.02001E+11,BIO212,1/22/2020,Y,Greater Coucal,Centropus,sinensis,3,30.6612747,76.7287648,18.72100067,Towards INST,1/22/2020,10:41
2.02001E+11,BIO212,1/22/2020,Y,Cattle Egret,Bubulcus,ibis,1,30.6633255,76.7295072,21.58300018,Hostel Area,1/22/2020,10:48
2.02001E+11,BIO212,1/22/2020,Y,Indian White-Eye,Zosterops,palpebrosus,2,30.6634316,76.7294658,19.46199989,Hostel Area,1/22/2020,10:49
2.02001E+11,BIO212,1/22/2020,Y,Rock Pigeon,Columba,livia,1,30.6636029,76.7293316,24.86100006,Hostel Area,1/22/2020,10:50
2.02001E+11,BIO212,1/22/2020,Y,Black Drongo,Dicrurus,macrocercus,1,30.6636082,76.7293325,14.05599976,Hostel Area,1/22/2020,10:50
2.02001E+11,BIO212,1/22/2020,Y,House Crow,Corvus,splendens,1,30.6645877,76.7286659,22.81399918,Other Zone,1/22/2020,10:52
2.02001E+11,BIO212,1/22/2020,Y,White-throated Fantail,Rhipidura,albicollis,2,30.6649386,76.7289674,24.54899979,Health Center,1/22/2020,10:53
2.02001E+11,BIO212,1/22/2020,Y,Eurasian Hoopoe,Upupa,epops,1,30.6646714,76.727688,16.93199921,Hostel Area,1/22/2020,10:57
2.02001E+11,BIO212,1/22/2020,Y,Paddyfield Pipit,Anthus,rufulus,1,30.6646852,76.7276829,11.83100033,Hostel Area,1/22/2020,10:58
2.02001E+11,BIO212,1/22/2020,Y,White Throated Kingfisher,Halcyon,smyrnensis,1,30.6654472,76.7271498,8.019000053,Sports Complex,1/22/2020,11:00
2.02001E+11,BIO212,1/22/2020,Y,Rufous Treepie,Dendrocitta,vagabunda,1,30.6658651,76.727008,14.21399975,Sports Complex,1/22/2020,11:02
2.02001E+11,BIO212,1/22/2020,Y,Grey Wagtail,Motacilla,cinerea,1,30.6658966,76.7262559,22.98999977,Sports Complex,1/22/2020,11:04
2.02001E+11,BIO212,1/22/2020,Y,Grey Wagtail,Motacilla,cinerea,7,30.6660564,76.726001,20.40800095,Sports Complex,1/22/2020,11:06
2.02001E+11,BIO212,1/22/2020,Y,Paddyfield Pipit,Anthus,rufulus,2,30.6660828,76.7259516,12.63199997,Sports Complex,1/22/2020,11:06
2.02001E+11,BIO212,1/22/2020,Y,Black Drongo,Dicrurus,macrocercus,1,30.6667186,76.7251627,17.60000038,Other Zone,1/22/2020,11:07
2.02001E+11,BIO212,1/22/2020,Y,Eurasian Hoopoe,Upupa,epops,2,30.666113,76.7254128,17.11100006,Sports Complex,1/22/2020,11:08
2.02001E+11,BIO212,1/22/2020,Y,Oriental Magpie Robin,Copsychus,saularis,1,30.6662003,76.7249727,24.86300087,Sports Complex,1/22/2020,11:09
2.02001E+11,BIO212,1/22/2020,Y,Long-tailed Shrike,Lanius,schach,1,30.6638226,76.7290267,16,Hostel Area,1/22/2020,11:12
2.02001E+11,BIO212,1/22/2020,Y,Long-tailed Shrike,Lanius,schach,1,30.6661184,76.7242678,22.12199974,Guava Garden,1/22/2020,11:15
2.02001E+11,BIO212,1/22/2020,Y,Indian Grey Hornbill,Ocyceros,birostris,2,30.6661034,76.7242674,22.52199936,Guava Garden,1/22/2020,11:15
2.02001E+11,BIO212,1/22/2020,Y,House Crow,Corvus,splendens,6,30.6648914,76.7234931,21.06599998,Guava Garden,1/22/2020,11:20
2.02001E+11,BIO212,1/22/2020,Y,Cattle Egret,Bubulcus,ibis,1,30.6645277,76.7236159,11.65400028,Guava Garden,1/22/2020,11:21
2.02001E+11,BIO212,1/22/2020,Y,Cattle Egret,Bubulcus,ibis,2,30.6644093,76.724285,16.22100067,Shopping Complex,1/22/2020,11:23
2.02001E+11,BIO212,1/22/2020,Y,Oriental Magpie Robin,Copsychus,saularis,1,30.6643963,76.7242989,14.94200039,Shopping Complex,1/22/2020,11:23
2.02001E+11,BIO212,1/22/2020,Y,Rose-ringed Parakeet,Psittacula,krameri,6,30.6643965,76.7248269,16.42000008,Shopping Complex,1/22/2020,11:25
2.02001E+11,BIO212,1/22/2020,Y,Common Chiffchaff,Phylloscopus,collybita,1,30.6644804,76.7248103,5.462999821,Shopping Complex,1/22/2020,11:26
2.02001E+11,BIO212,1/22/2020,Y,Red-vented Bulbul,Pycnonotus,cafer,1,30.6645104,76.7247943,15.45400047,Shopping Complex,1/22/2020,11:27
2.02001E+11,BIO212,1/22/2020,Y,Rufous Treepie,Dendrocitta,vagabunda,3,30.6645071,76.7247998,18.45899963,Shopping Complex,1/22/2020,11:28
2.02001E+11,BIO212,1/22/2020,Y,Indian White-Eye,Zosterops,palpebrosus,10,30.6638226,76.7290267,16.10000038,Hostel Area,1/22/2020,11:28
2.02001E+11,BIO212,1/22/2020,Y,Spotted Owlet,Athene,brama,1,30.664549,76.7251972,24.26600075,Shopping Complex,1/22/2020,11:33
2.02001E+11,BIO212,1/22/2020,Y,Black Redstart,Phoenicurus,ochruros,1,30.6647989,76.727763,17.41900063,Hostel Area,1/22/2020,11:41
2.02001E+11,BIO212,1/22/2020,Y,Verditer Flycatcher,Eumyias,thalassinus,2,30.6648533,76.7288063,21.9659996,Health Center,1/22/2020,11:44
2.02001E+11,BIO212,1/22/2020,Y,Indian White-Eye,Zosterops,palpebrosus,8,30.6649714,76.7290568,22.94499969,Health Center,1/22/2020,11:49
2.02001E+11,BIO212,1/22/2020,Y,Indian Grey Hornbill,Ocyceros,birostris,1,30.6649861,76.7290551,5.105000019,Health Center,1/22/2020,11:50
2.02001E+11,BIO212,1/22/2020,Y,Rufous Treepie,Dendrocitta,vagabunda,1,30.665116,76.7294047,19.83699989,Health Center,1/22/2020,11:52
2.02001E+11,BIO212,1/22/2020,Y,Rufous Treepie,Dendrocitta,vagabunda,3,30.6639399,76.7290033,24.69300079,Hostel Area,1/22/2020,11:55
