Session Name,Session Type,Session Start Time,Session Is Complete,Common Name,Genus,Species,Number,Latitude,Longitude,Accuracy,Zone,Date,Time
2.02001E+11,TRAVELING,1/30/2020,Y,White-browed Wagtail,Motacilla,maderaspatensis,0,30.6649529,76.7268351,16.1420002,Hostel Area,1/30/2020,9:27
2.02001E+11,TRAVELING,1/30/2020,Y,House Crow,Corvus,splendens,0,30.6653216,76.7266826,8.256999969,Sports Complex,1/30/2020,9:28
2.02001E+11,TRAVELING,1/30/2020,Y,Rock Pigeon,Columba,livia,0,30.6662715,76.7239738,8.359999657,Guava Garden,1/30/2020,9:37
2.02001E+11,TRAVELING,1/30/2020,Y,Alexandrine Parakeet,Psittacula,eupatria,0,30.6659625,76.7233815,19.53700066,Guava Garden,1/30/2020,9:38
2.02001E+11,TRAVELING,1/30/2020,Y,Common Myna,Acridotheres,tristis,2,30.665584,76.723876,-1,Guava Garden,1/30/2020,9:41
2.02001E+11,TRAVELING,1/30/2020,Y,Jungle Babbler,Turdoides,striata,4,30.6658429,76.7223717,22.89699936,Other Zone,1/30/2020,9:43
2.02001E+11,TRAVELING,1/30/2020,Y,Indian peafowl,Pavo,cristatus,5,30.6658598,76.722356,18.07600021,Other Zone,1/30/2020,9:44
2.02001E+11,TRAVELING,1/30/2020,Y,Jungle Babbler,Turdoides,striata,2,30.6656418,76.7222794,24.30599976,Faculty Housing,1/30/2020,9:45
2.02001E+11,TRAVELING,1/30/2020,Y,Rock Pigeon,Columba,livia,3,30.6659363,76.722172,18.82699966,Faculty Housing,1/30/2020,9:45
2.02001E+11,TRAVELING,1/30/2020,Y,Indian peafowl,Pavo,cristatus,1,30.6659411,76.7221598,11.33699989,Faculty Housing,1/30/2020,9:46
2.02001E+11,TRAVELING,1/30/2020,Y,Jungle Babbler,Turdoides,striata,11,30.6657889,76.721949,24.87000084,Faculty Housing,1/30/2020,9:47
2.02001E+11,TRAVELING,1/30/2020,Y,Indian peafowl,Pavo,cristatus,8,30.6659263,76.7217835,23.10499954,Faculty Housing,1/30/2020,9:49
2.02001E+11,TRAVELING,1/30/2020,Y,Alexandrine Parakeet,Psittacula,eupatria,6,30.6659245,76.7217673,21.7859993,Faculty Housing,1/30/2020,9:50
2.02001E+11,TRAVELING,1/30/2020,Y,Rock Pigeon,Columba,livia,8,30.6659724,76.7221136,20.97200012,Faculty Housing,1/30/2020,9:52
2.02001E+11,TRAVELING,1/30/2020,Y,House Crow,Corvus,splendens,1,30.664956,76.7234957,23.83499908,Guava Garden,1/30/2020,9:57
2.02001E+11,TRAVELING,1/30/2020,Y,Jungle Babbler,Turdoides,striata,10,30.6649664,76.7238991,23.00600052,Guava Garden,1/30/2020,9:57
2.02001E+11,TRAVELING,1/30/2020,Y,Red-vented Bulbul,Pycnonotus,cafer,1,30.6650166,76.7239374,23.44000053,Guava Garden,1/30/2020,9:59
2.02001E+11,TRAVELING,1/30/2020,Y,Grey Wagtail,Motacilla,cinerea,1,30.6653558,76.7240259,22.19400024,Guava Garden,1/30/2020,10:03
2.02001E+11,TRAVELING,1/30/2020,Y,White-browed Wagtail,Motacilla,maderaspatensis,0,30.665584,76.723876,-1,Guava Garden,1/30/2020,10:04
2.02001E+11,TRAVELING,1/30/2020,Y,Indian White-Eye,Zosterops,palpebrosus,7,30.6652792,76.7241626,21.22999954,Guava Garden,1/30/2020,10:09
2.02001E+11,TRAVELING,1/30/2020,Y,Rose-ringed Parakeet,Psittacula,krameri,6,30.6649625,76.724521,24.66500092,Guava Garden,1/30/2020,10:15
2.02001E+11,TRAVELING,1/30/2020,Y,House Crow,Corvus,splendens,3,30.6647978,76.724583,18.95100021,Shopping Complex,1/30/2020,10:16
2.02001E+11,TRAVELING,1/30/2020,Y,House Crow,Corvus,splendens,0,30.6647915,76.7245928,11.64000034,Shopping Complex,1/30/2020,10:16
2.02001E+11,TRAVELING,1/30/2020,Y,Black Redstart,Phoenicurus,ochruros,1,30.6647304,76.7245155,22.15099907,Shopping Complex,1/30/2020,10:17
2.02001E+11,TRAVELING,1/30/2020,Y,Cattle Egret,Bubulcus,ibis,1,30.6646606,76.7245461,24.16500092,Shopping Complex,1/30/2020,10:18
2.02001E+11,TRAVELING,1/30/2020,Y,Black Kite,Milvus,migrans,2,30.664194,76.7252384,5.040999889,Shopping Complex,1/30/2020,10:37
