Session Name,Session Type,Session Start Time,Session Is Complete,Common Name,Genus,Species,Number,Latitude,Longitude,Accuracy,Zone,Date,Time
2.02002E+11,TRAVELING,2/8/2020,Y,Common Myna,Acridotheres,tristis,1,30.663804,76.727915,-1,Hostel Area,2/8/2020,9:51
2.02002E+11,TRAVELING,2/8/2020,Y,Pied Cuckoo,Clamator,jacobinus,1,30.662949,76.7275723,6.048999786,Hostel Area,2/8/2020,9:58
2.02002E+11,TRAVELING,2/8/2020,Y,Lesser Whitethroat,Sylvia,curruca,1,30.6626584,76.7276835,7.303999901,Hostel Area,2/8/2020,10:01
2.02002E+11,TRAVELING,2/8/2020,Y,Lesser Whitethroat,Sylvia,curruca,1,30.6632436,76.7288836,22.38699913,Hostel Area,2/8/2020,10:04
2.02002E+11,TRAVELING,2/8/2020,Y,Oriental Magpie Robin,Copsychus,saularis,1,30.6623961,76.7285319,21.19400024,Towards INST,2/8/2020,10:07
2.02002E+11,TRAVELING,2/8/2020,Y,House Crow,Corvus,splendens,1,30.6624951,76.7286123,20.89100075,Hostel Area,2/8/2020,10:08
2.02002E+11,TRAVELING,2/8/2020,Y,Black Kite,Milvus,migrans,2,30.6624985,76.7286229,10,Towards INST,2/8/2020,10:08
2.02002E+11,TRAVELING,2/8/2020,Y,Common Myna,Acridotheres,tristis,1,30.6624214,76.7286267,19.66699982,Towards INST,2/8/2020,10:09
2.02002E+11,TRAVELING,2/8/2020,Y,Common Tailorbird,Orthotomus,sutorius,1,30.6627336,76.7291679,19.85899925,Towards INST,2/8/2020,10:14
2.02002E+11,TRAVELING,2/8/2020,Y,Black Drongo,Dicrurus,macrocercus,1,30.662062,76.729393,-1,Towards INST,2/8/2020,10:18
2.02002E+11,TRAVELING,2/8/2020,Y,Plain Prinia,Prinia,inornata,1,30.6625443,76.7287943,19.45599937,Towards INST,2/8/2020,10:22
2.02002E+11,TRAVELING,2/8/2020,Y,Rose-ringed Parakeet,Psittacula,krameri,1,30.6629966,76.7298284,4.599999905,Towards INST,2/8/2020,10:26
2.02002E+11,TRAVELING,2/8/2020,Y,Greater Coucal,Centropus,sinensis,1,30.6620497,76.730192,4.665999889,Towards INST,2/8/2020,10:33
2.02002E+11,TRAVELING,2/8/2020,Y,Common Chiffchaff,Phylloscopus,collybita,2,30.662062,76.729393,-1,Towards INST,2/8/2020,10:34
2.02002E+11,TRAVELING,2/8/2020,Y,White Throated Kingfisher,Halcyon,smyrnensis,1,30.6620387,76.730169,23.42300034,Towards INST,2/8/2020,10:36
2.02002E+11,TRAVELING,2/8/2020,Y,Rufous Treepie,Dendrocitta,vagabunda,3,30.662062,76.729393,-1,Towards INST,2/8/2020,10:41
2.02002E+11,TRAVELING,2/8/2020,Y,Red-vented Bulbul,Pycnonotus,cafer,1,30.6618928,76.7295607,22.41200066,Towards INST,2/8/2020,10:42
2.02002E+11,TRAVELING,2/8/2020,Y,Jungle Babbler,Turdoides,striata,7,30.662062,76.729393,-1,Towards INST,2/8/2020,10:43
2.02002E+11,TRAVELING,2/8/2020,Y,Red-wattled Lapwing,Vanellus,indicus,4,30.662062,76.729393,-1,Towards INST,2/8/2020,10:46
2.02002E+11,TRAVELING,2/8/2020,Y,Western Yellow Wagtail,Motacilla,flava,1,30.6611806,76.7289474,22.61899948,Towards INST,2/8/2020,10:52
2.02002E+11,TRAVELING,2/8/2020,Y,Common Tailorbird,Orthotomus,sutorius,1,30.6612348,76.7289428,22.6760006,Towards INST,2/8/2020,11:00
2.02002E+11,TRAVELING,2/8/2020,Y,Indian Silverbill,Euodice,malabarica,1,30.6612289,76.7289436,12.34799957,Towards INST,2/8/2020,11:00
2.02002E+11,TRAVELING,2/8/2020,Y,White-throated Fantail,Rhipidura,albicollis,1,30.6634577,76.7293438,21.6779995,Hostel Area,2/8/2020,11:13
