Session Name,Session Type,Session Start Time,Session Is Complete,Common Name,Genus,Species,Number,Latitude,Longitude,Accuracy,Zone,Date,Time
202001221015,BIO212,01/22/2020,Y,Rock Pigeon,Columba,livia,5,30.6630752,76.7315528,24.6229991912842,AB,01/22/2020,10:15
202001221015,BIO212,01/22/2020,Y,Black Kite,Milvus,migrans,1,30.6629222,76.7315116,22.8570003509521,AB,01/22/2020,10:16
202001221015,BIO212,01/22/2020,Y,Rufous Treepie,Dendrocitta,vagabunda,1,30.6628432,76.7316476,22.1989994049072,AB,01/22/2020,10:19
202001221015,BIO212,01/22/2020,Y,Black Kite,Milvus,migrans,1,30.6625185,76.7310253,10,AB,01/22/2020,10:21
202001221015,BIO212,01/22/2020,Y,Black Drongo,Dicrurus,macrocercus,1,30.6622919,76.7307208,24.3020000457764,AB,01/22/2020,10:22
202001221015,BIO212,01/22/2020,Y,Common Chiffchaff,Phylloscopus,collybita,2,30.6618163,76.7296718,19.7159996032715,Towards INST,01/22/2020,10:29
202001221015,BIO212,01/22/2020,Y,Common Chiffchaff,Phylloscopus,collybita,1,30.6613475,76.7289043,11.6219997406006,Towards INST,01/22/2020,10:33
202001221015,BIO212,01/22/2020,Y,Common Chiffchaff,Phylloscopus,collybita,1,30.661343,76.7289002,13.1630001068115,Towards INST,01/22/2020,10:33
202001221015,BIO212,01/22/2020,Y,Plain Prinia,Prinia,inornata,5,30.6612697,76.7289041,19.5860004425049,Towards INST,01/22/2020,10:35
202001221015,BIO212,01/22/2020,Y,White-throated Fantail,Rhipidura,albicollis,3,30.6611675,76.7289775,22.3950004577637,Towards INST,01/22/2020,10:40
202001221015,BIO212,01/22/2020,Y,Red-wattled Lapwing,Vanellus,indicus,3,30.6612726,76.7287807,22.9150009155273,Towards INST,01/22/2020,10:41
202001221015,BIO212,01/22/2020,Y,Greater Coucal,Centropus,sinensis,3,30.6612747,76.7287648,18.7210006713867,Towards INST,01/22/2020,10:41
202001221015,BIO212,01/22/2020,Y,Cattle Egret,Bubulcus,ibis,1,30.6633255,76.7295072,21.5830001831055,Hostel Area,01/22/2020,10:48
202001221015,BIO212,01/22/2020,Y,Indian White-Eye,Zosterops,palpebrosus,2,30.6634316,76.7294658,19.4619998931885,Hostel Area,01/22/2020,10:49
202001221015,BIO212,01/22/2020,Y,Rock Pigeon,Columba,livia,1,30.6636029,76.7293316,24.8610000610352,Hostel Area,01/22/2020,10:50
202001221015,BIO212,01/22/2020,Y,Black Drongo,Dicrurus,macrocercus,1,30.6636082,76.7293325,14.0559997558594,Hostel Area,01/22/2020,10:50
202001221015,BIO212,01/22/2020,Y,House Crow,Corvus,splendens,1,30.6645877,76.7286659,22.8139991760254,Other Zone,01/22/2020,10:52
202001221015,BIO212,01/22/2020,Y,White-throated Fantail,Rhipidura,albicollis,2,30.6649386,76.7289674,24.548999786377,Health Center,01/22/2020,10:53
202001221015,BIO212,01/22/2020,Y,Eurasian Hoopoe,Upupa,epops,1,30.6646714,76.727688,16.931999206543,Hostel Area,01/22/2020,10:57
202001221015,BIO212,01/22/2020,Y,Paddyfield Pipit,Anthus,rufulus,1,30.6646852,76.7276829,11.831000328064,Hostel Area,01/22/2020,10:58
202001221015,BIO212,01/22/2020,Y,White Throated Kingfisher,Halcyon,smyrnensis,1,30.6654472,76.7271498,8.01900005340576,Sports Complex,01/22/2020,11:00
202001221015,BIO212,01/22/2020,Y,Rufous Treepie,Dendrocitta,vagabunda,1,30.6658651,76.727008,14.21399974823,Sports Complex,01/22/2020,11:02
202001221015,BIO212,01/22/2020,Y,Grey Wagtail,Motacilla,cinerea,1,30.6658966,76.7262559,22.9899997711182,Sports Complex,01/22/2020,11:04
202001221015,BIO212,01/22/2020,Y,Grey Wagtail,Motacilla,cinerea,7,30.6660564,76.726001,20.4080009460449,Sports Complex,01/22/2020,11:06
202001221015,BIO212,01/22/2020,Y,Paddyfield Pipit,Anthus,rufulus,2,30.6660828,76.7259516,12.6319999694824,Sports Complex,01/22/2020,11:06
202001221015,BIO212,01/22/2020,Y,Black Drongo,Dicrurus,macrocercus,1,30.6667186,76.7251627,17.6000003814697,Other Zone,01/22/2020,11:07
202001221015,BIO212,01/22/2020,Y,Eurasian Hoopoe,Upupa,epops,2,30.666113,76.7254128,17.1110000610352,Sports Complex,01/22/2020,11:08
202001221015,BIO212,01/22/2020,Y,Oriental Magpie Robin,Copsychus,saularis,1,30.6662003,76.7249727,24.863000869751,Sports Complex,01/22/2020,11:09
202001221015,BIO212,01/22/2020,Y,Long-tailed Shrike,Lanius,schach,1,30.6638226,76.7290267,16,Hostel Area,01/22/2020,11:12
202001221015,BIO212,01/22/2020,Y,Long-tailed Shrike,Lanius,schach,1,30.6661184,76.7242678,22.1219997406006,Guava Garden,01/22/2020,11:15
202001221015,BIO212,01/22/2020,Y,Indian Grey Hornbill,Ocyceros,birostris,2,30.6661034,76.7242674,22.5219993591309,Guava Garden,01/22/2020,11:15
202001221015,BIO212,01/22/2020,Y,House Crow,Corvus,splendens,6,30.6648914,76.7234931,21.0659999847412,Guava Garden,01/22/2020,11:20
202001221015,BIO212,01/22/2020,Y,Cattle Egret,Bubulcus,ibis,1,30.6645277,76.7236159,11.6540002822876,Guava Garden,01/22/2020,11:21
202001221015,BIO212,01/22/2020,Y,Cattle Egret,Bubulcus,ibis,2,30.6644093,76.724285,16.2210006713867,Shopping Complex,01/22/2020,11:23
202001221015,BIO212,01/22/2020,Y,Oriental Magpie Robin,Copsychus,saularis,1,30.6643963,76.7242989,14.9420003890991,Shopping Complex,01/22/2020,11:23
202001221015,BIO212,01/22/2020,Y,Rose-ringed Parakeet,Psittacula,krameri,6,30.6643965,76.7248269,16.4200000762939,Shopping Complex,01/22/2020,11:25
202001221015,BIO212,01/22/2020,Y,Common Chiffchaff,Phylloscopus,collybita,1,30.6644804,76.7248103,5.46299982070923,Shopping Complex,01/22/2020,11:26
202001221015,BIO212,01/22/2020,Y,Red-vented Bulbul,Pycnonotus,cafer,1,30.6645104,76.7247943,15.4540004730225,Shopping Complex,01/22/2020,11:27
202001221015,BIO212,01/22/2020,Y,Rufous Treepie,Dendrocitta,vagabunda,3,30.6645071,76.7247998,18.4589996337891,Shopping Complex,01/22/2020,11:28
202001221015,BIO212,01/22/2020,Y,Indian White-Eye,Zosterops,palpebrosus,10,30.6638226,76.7290267,16.1000003814697,Hostel Area,01/22/2020,11:28
202001221015,BIO212,01/22/2020,Y,Spotted Owlet,Athene,brama,1,30.664549,76.7251972,24.2660007476807,Shopping Complex,01/22/2020,11:33
202001221015,BIO212,01/22/2020,Y,Black Redstart,Phoenicurus,ochruros,1,30.6647989,76.727763,17.4190006256104,Hostel Area,01/22/2020,11:41
202001221015,BIO212,01/22/2020,Y,Verditer Flycatcher,Eumyias,thalassinus,2,30.6648533,76.7288063,21.9659996032715,Health Center,01/22/2020,11:44
202001221015,BIO212,01/22/2020,Y,Indian White-Eye,Zosterops,palpebrosus,8,30.6649714,76.7290568,22.9449996948242,Health Center,01/22/2020,11:49
202001221015,BIO212,01/22/2020,Y,Indian Grey Hornbill,Ocyceros,birostris,1,30.6649861,76.7290551,5.10500001907349,Health Center,01/22/2020,11:50
202001221015,BIO212,01/22/2020,Y,Rufous Treepie,Dendrocitta,vagabunda,1,30.665116,76.7294047,19.8369998931885,Health Center,01/22/2020,11:52
202001221015,BIO212,01/22/2020,Y,Rufous Treepie,Dendrocitta,vagabunda,3,30.6639399,76.7290033,24.693000793457,Hostel Area,01/22/2020,11:55
202001300926,TRAVELING,01/30/2020,Y,White-browed Wagtail,Motacilla,maderaspatensis,0,30.6649529,76.7268351,16.1420001983643,Hostel Area,01/30/2020,09:27
202001300926,TRAVELING,01/30/2020,Y,House Crow,Corvus,splendens,0,30.6653216,76.7266826,8.25699996948242,Sports Complex,01/30/2020,09:28
202001300926,TRAVELING,01/30/2020,Y,Rock Pigeon,Columba,livia,0,30.6662715,76.7239738,8.35999965667725,Guava Garden,01/30/2020,09:37
202001300926,TRAVELING,01/30/2020,Y,Alexandrine Parakeet,Psittacula,eupatria,0,30.6659625,76.7233815,19.5370006561279,Guava Garden,01/30/2020,09:38
202001300926,TRAVELING,01/30/2020,Y,Common Myna,Acridotheres,tristis,2,30.665584,76.723876,-1,Guava Garden,01/30/2020,09:41
202001300926,TRAVELING,01/30/2020,Y,Jungle Babbler,Turdoides,striata,4,30.6658429,76.7223717,22.8969993591309,Other Zone,01/30/2020,09:43
202001300926,TRAVELING,01/30/2020,Y,Indian peafowl,Pavo,cristatus,5,30.6658598,76.722356,18.076000213623,Other Zone,01/30/2020,09:44
202001300926,TRAVELING,01/30/2020,Y,Jungle Babbler,Turdoides,striata,2,30.6656418,76.7222794,24.3059997558594,Faculty Housing,01/30/2020,09:45
202001300926,TRAVELING,01/30/2020,Y,Rock Pigeon,Columba,livia,3,30.6659363,76.722172,18.8269996643066,Faculty Housing,01/30/2020,09:45
202001300926,TRAVELING,01/30/2020,Y,Indian peafowl,Pavo,cristatus,1,30.6659411,76.7221598,11.3369998931885,Faculty Housing,01/30/2020,09:46
202001300926,TRAVELING,01/30/2020,Y,Jungle Babbler,Turdoides,striata,11,30.6657889,76.721949,24.8700008392334,Faculty Housing,01/30/2020,09:47
202001300926,TRAVELING,01/30/2020,Y,Indian peafowl,Pavo,cristatus,8,30.6659263,76.7217835,23.1049995422363,Faculty Housing,01/30/2020,09:49
202001300926,TRAVELING,01/30/2020,Y,Alexandrine Parakeet,Psittacula,eupatria,6,30.6659245,76.7217673,21.7859992980957,Faculty Housing,01/30/2020,09:50
202001300926,TRAVELING,01/30/2020,Y,Rock Pigeon,Columba,livia,8,30.6659724,76.7221136,20.9720001220703,Faculty Housing,01/30/2020,09:52
202001300926,TRAVELING,01/30/2020,Y,House Crow,Corvus,splendens,1,30.664956,76.7234957,23.8349990844727,Guava Garden,01/30/2020,09:57
202001300926,TRAVELING,01/30/2020,Y,Jungle Babbler,Turdoides,striata,10,30.6649664,76.7238991,23.0060005187988,Guava Garden,01/30/2020,09:57
202001300926,TRAVELING,01/30/2020,Y,Red-vented Bulbul,Pycnonotus,cafer,1,30.6650166,76.7239374,23.4400005340576,Guava Garden,01/30/2020,09:59
202001300926,TRAVELING,01/30/2020,Y,Grey Wagtail,Motacilla,cinerea,1,30.6653558,76.7240259,22.1940002441406,Guava Garden,01/30/2020,10:03
202001300926,TRAVELING,01/30/2020,Y,White-browed Wagtail,Motacilla,maderaspatensis,0,30.665584,76.723876,-1,Guava Garden,01/30/2020,10:04
202001300926,TRAVELING,01/30/2020,Y,Indian White-Eye,Zosterops,palpebrosus,7,30.6652792,76.7241626,21.2299995422363,Guava Garden,01/30/2020,10:09
202001300926,TRAVELING,01/30/2020,Y,Rose-ringed Parakeet,Psittacula,krameri,6,30.6649625,76.724521,24.6650009155273,Guava Garden,01/30/2020,10:15
202001300926,TRAVELING,01/30/2020,Y,House Crow,Corvus,splendens,3,30.6647978,76.724583,18.951000213623,Shopping Complex,01/30/2020,10:16
202001300926,TRAVELING,01/30/2020,Y,House Crow,Corvus,splendens,0,30.6647915,76.7245928,11.6400003433228,Shopping Complex,01/30/2020,10:16
202001300926,TRAVELING,01/30/2020,Y,Black Redstart,Phoenicurus,ochruros,1,30.6647304,76.7245155,22.1509990692139,Shopping Complex,01/30/2020,10:17
202001300926,TRAVELING,01/30/2020,Y,Cattle Egret,Bubulcus,ibis,1,30.6646606,76.7245461,24.1650009155273,Shopping Complex,01/30/2020,10:18
202001300926,TRAVELING,01/30/2020,Y,Black Kite,Milvus,migrans,2,30.664194,76.7252384,5.04099988937378,Shopping Complex,01/30/2020,10:37
202002080950,TRAVELING,02/08/2020,Y,Common Myna,Acridotheres,tristis,1,30.663804,76.727915,-1,Hostel Area,02/08/2020,09:51
202002080950,TRAVELING,02/08/2020,Y,Pied Cuckoo,Clamator,jacobinus,1,30.662949,76.7275723,6.04899978637695,Hostel Area,02/08/2020,09:58
202002080950,TRAVELING,02/08/2020,Y,Lesser Whitethroat,Sylvia,curruca,1,30.6626584,76.7276835,7.30399990081787,Hostel Area,02/08/2020,10:01
202002080950,TRAVELING,02/08/2020,Y,Lesser Whitethroat,Sylvia,curruca,1,30.6632436,76.7288836,22.386999130249,Hostel Area,02/08/2020,10:04
202002080950,TRAVELING,02/08/2020,Y,Oriental Magpie Robin,Copsychus,saularis,1,30.6623961,76.7285319,21.1940002441406,Towards INST,02/08/2020,10:07
202002080950,TRAVELING,02/08/2020,Y,House Crow,Corvus,splendens,1,30.6624951,76.7286123,20.8910007476807,Hostel Area,02/08/2020,10:08
202002080950,TRAVELING,02/08/2020,Y,Black Kite,Milvus,migrans,2,30.6624985,76.7286229,10,Towards INST,02/08/2020,10:08
202002080950,TRAVELING,02/08/2020,Y,Common Myna,Acridotheres,tristis,1,30.6624214,76.7286267,19.6669998168945,Towards INST,02/08/2020,10:09
202002080950,TRAVELING,02/08/2020,Y,Common Tailorbird,Orthotomus,sutorius,1,30.6627336,76.7291679,19.8589992523193,Towards INST,02/08/2020,10:14
202002080950,TRAVELING,02/08/2020,Y,Black Drongo,Dicrurus,macrocercus,1,30.662062,76.729393,-1,Towards INST,02/08/2020,10:18
202002080950,TRAVELING,02/08/2020,Y,Plain Prinia,Prinia,inornata,1,30.6625443,76.7287943,19.4559993743896,Towards INST,02/08/2020,10:22
202002080950,TRAVELING,02/08/2020,Y,Rose-ringed Parakeet,Psittacula,krameri,1,30.6629966,76.7298284,4.59999990463257,Towards INST,02/08/2020,10:26
202002080950,TRAVELING,02/08/2020,Y,Greater Coucal,Centropus,sinensis,1,30.6620497,76.730192,4.66599988937378,Towards INST,02/08/2020,10:33
202002080950,TRAVELING,02/08/2020,Y,Common Chiffchaff,Phylloscopus,collybita,2,30.662062,76.729393,-1,Towards INST,02/08/2020,10:34
202002080950,TRAVELING,02/08/2020,Y,White Throated Kingfisher,Halcyon,smyrnensis,1,30.6620387,76.730169,23.4230003356934,Towards INST,02/08/2020,10:36
202002080950,TRAVELING,02/08/2020,Y,Rufous Treepie,Dendrocitta,vagabunda,3,30.662062,76.729393,-1,Towards INST,02/08/2020,10:41
202002080950,TRAVELING,02/08/2020,Y,Red-vented Bulbul,Pycnonotus,cafer,1,30.6618928,76.7295607,22.4120006561279,Towards INST,02/08/2020,10:42
202002080950,TRAVELING,02/08/2020,Y,Jungle Babbler,Turdoides,striata,7,30.662062,76.729393,-1,Towards INST,02/08/2020,10:43
202002080950,TRAVELING,02/08/2020,Y,Red-wattled Lapwing,Vanellus,indicus,4,30.662062,76.729393,-1,Towards INST,02/08/2020,10:46
202002080950,TRAVELING,02/08/2020,Y,Western Yellow Wagtail,Motacilla,flava,1,30.6611806,76.7289474,22.6189994812012,Towards INST,02/08/2020,10:52
202002080950,TRAVELING,02/08/2020,Y,Common Tailorbird,Orthotomus,sutorius,1,30.6612348,76.7289428,22.6760005950928,Towards INST,02/08/2020,11:00
202002080950,TRAVELING,02/08/2020,Y,Indian Silverbill,Euodice,malabarica,1,30.6612289,76.7289436,12.3479995727539,Towards INST,02/08/2020,11:00
202002080950,TRAVELING,02/08/2020,Y,White-throated Fantail,Rhipidura,albicollis,1,30.6634577,76.7293438,21.67799949646,Hostel Area,02/08/2020,11:13
