Session Name,Session Type,Session Start Time,Session Is Complete,Common Name,Genus,Species,Number,Latitude,Longitude,Accuracy,Zone,Date,Time
202001300926,TRAVELING,01/30/2020,Y,White-browed Wagtail,Motacilla,maderaspatensis,0,30.6649529,76.7268351,16.1420001983643,Hostel Area,01/30/2020,09:27
202001300926,TRAVELING,01/30/2020,Y,House Crow,Corvus,splendens,0,30.6653216,76.7266826,8.25699996948242,Sports Complex,01/30/2020,09:28
202001300926,TRAVELING,01/30/2020,Y,Rock Pigeon,Columba,livia,0,30.6662715,76.7239738,8.35999965667725,Guava Garden,01/30/2020,09:37
202001300926,TRAVELING,01/30/2020,Y,Alexandrine Parakeet,Psittacula,eupatria,0,30.6659625,76.7233815,19.5370006561279,Guava Garden,01/30/2020,09:38
202001300926,TRAVELING,01/30/2020,Y,Common Myna,Acridotheres,tristis,2,30.665584,76.723876,-1,Guava Garden,01/30/2020,09:41
202001300926,TRAVELING,01/30/2020,Y,Jungle Babbler,Turdoides,striata,4,30.6658429,76.7223717,22.8969993591309,Other Zone,01/30/2020,09:43
202001300926,TRAVELING,01/30/2020,Y,Indian peafowl,Pavo,cristatus,5,30.6658598,76.722356,18.076000213623,Other Zone,01/30/2020,09:44
202001300926,TRAVELING,01/30/2020,Y,Jungle Babbler,Turdoides,striata,2,30.6656418,76.7222794,24.3059997558594,Faculty Housing,01/30/2020,09:45
202001300926,TRAVELING,01/30/2020,Y,Rock Pigeon,Columba,livia,3,30.6659363,76.722172,18.8269996643066,Faculty Housing,01/30/2020,09:45
202001300926,TRAVELING,01/30/2020,Y,Indian peafowl,Pavo,cristatus,1,30.6659411,76.7221598,11.3369998931885,Faculty Housing,01/30/2020,09:46
202001300926,TRAVELING,01/30/2020,Y,Jungle Babbler,Turdoides,striata,11,30.6657889,76.721949,24.8700008392334,Faculty Housing,01/30/2020,09:47
202001300926,TRAVELING,01/30/2020,Y,Indian peafowl,Pavo,cristatus,8,30.6659263,76.7217835,23.1049995422363,Faculty Housing,01/30/2020,09:49
202001300926,TRAVELING,01/30/2020,Y,Alexandrine Parakeet,Psittacula,eupatria,6,30.6659245,76.7217673,21.7859992980957,Faculty Housing,01/30/2020,09:50
202001300926,TRAVELING,01/30/2020,Y,Rock Pigeon,Columba,livia,8,30.6659724,76.7221136,20.9720001220703,Faculty Housing,01/30/2020,09:52
202001300926,TRAVELING,01/30/2020,Y,House Crow,Corvus,splendens,1,30.664956,76.7234957,23.8349990844727,Guava Garden,01/30/2020,09:57
202001300926,TRAVELING,01/30/2020,Y,Jungle Babbler,Turdoides,striata,10,30.6649664,76.7238991,23.0060005187988,Guava Garden,01/30/2020,09:57
202001300926,TRAVELING,01/30/2020,Y,Red-vented Bulbul,Pycnonotus,cafer,1,30.6650166,76.7239374,23.4400005340576,Guava Garden,01/30/2020,09:59
202001300926,TRAVELING,01/30/2020,Y,Grey Wagtail,Motacilla,cinerea,1,30.6653558,76.7240259,22.1940002441406,Guava Garden,01/30/2020,10:03
202001300926,TRAVELING,01/30/2020,Y,White-browed Wagtail,Motacilla,maderaspatensis,0,30.665584,76.723876,-1,Guava Garden,01/30/2020,10:04
202001300926,TRAVELING,01/30/2020,Y,Indian White-Eye,Zosterops,palpebrosus,7,30.6652792,76.7241626,21.2299995422363,Guava Garden,01/30/2020,10:09
202001300926,TRAVELING,01/30/2020,Y,Rose-ringed Parakeet,Psittacula,krameri,6,30.6649625,76.724521,24.6650009155273,Guava Garden,01/30/2020,10:15
202001300926,TRAVELING,01/30/2020,Y,House Crow,Corvus,splendens,3,30.6647978,76.724583,18.951000213623,Shopping Complex,01/30/2020,10:16
202001300926,TRAVELING,01/30/2020,Y,House Crow,Corvus,splendens,0,30.6647915,76.7245928,11.6400003433228,Shopping Complex,01/30/2020,10:16
202001300926,TRAVELING,01/30/2020,Y,Black Redstart,Phoenicurus,ochruros,1,30.6647304,76.7245155,22.1509990692139,Shopping Complex,01/30/2020,10:17
202001300926,TRAVELING,01/30/2020,Y,Cattle Egret,Bubulcus,ibis,1,30.6646606,76.7245461,24.1650009155273,Shopping Complex,01/30/2020,10:18
202001300926,TRAVELING,01/30/2020,Y,Black Kite,Milvus,migrans,2,30.664194,76.7252384,5.04099988937378,Shopping Complex,01/30/2020,10:37
