Session Name,Session Type,Session Start Time,Session Is Complete,Common Name,Genus,Species,Number,Latitude,Longitude,Accuracy,Zone,Date,Time
202001221015,BIO212,01/22/2020,Y,Rock Pigeon,Columba,livia,5,30.6630752,76.7315528,24.6229991912842,AB,01/22/2020,10:15
202001221015,BIO212,01/22/2020,Y,Black Kite,Milvus,migrans,1,30.6629222,76.7315116,22.8570003509521,AB,01/22/2020,10:16
202001221015,BIO212,01/22/2020,Y,Rufous Treepie,Dendrocitta,vagabunda,1,30.6628432,76.7316476,22.1989994049072,AB,01/22/2020,10:19
202001221015,BIO212,01/22/2020,Y,Black Kite,Milvus,migrans,1,30.6625185,76.7310253,10,AB,01/22/2020,10:21
202001221015,BIO212,01/22/2020,Y,Black Drongo,Dicrurus,macrocercus,1,30.6622919,76.7307208,24.3020000457764,AB,01/22/2020,10:22
202001221015,BIO212,01/22/2020,Y,Common Chiffchaff,Phylloscopus,collybita,2,30.6618163,76.7296718,19.7159996032715,Towards INST,01/22/2020,10:29
202001221015,BIO212,01/22/2020,Y,Common Chiffchaff,Phylloscopus,collybita,1,30.6613475,76.7289043,11.6219997406006,Towards INST,01/22/2020,10:33
202001221015,BIO212,01/22/2020,Y,Common Chiffchaff,Phylloscopus,collybita,1,30.661343,76.7289002,13.1630001068115,Towards INST,01/22/2020,10:33
202001221015,BIO212,01/22/2020,Y,Plain Prinia,Prinia,inornata,5,30.6612697,76.7289041,19.5860004425049,Towards INST,01/22/2020,10:35
202001221015,BIO212,01/22/2020,Y,White-throated Fantail,Rhipidura,albicollis,3,30.6611675,76.7289775,22.3950004577637,Towards INST,01/22/2020,10:40
202001221015,BIO212,01/22/2020,Y,Red-wattled Lapwing,Vanellus,indicus,3,30.6612726,76.7287807,22.9150009155273,Towards INST,01/22/2020,10:41
202001221015,BIO212,01/22/2020,Y,Greater Coucal,Centropus,sinensis,3,30.6612747,76.7287648,18.7210006713867,Towards INST,01/22/2020,10:41
202001221015,BIO212,01/22/2020,Y,Cattle Egret,Bubulcus,ibis,1,30.6633255,76.7295072,21.5830001831055,Hostel Area,01/22/2020,10:48
202001221015,BIO212,01/22/2020,Y,Indian White-Eye,Zosterops,palpebrosus,2,30.6634316,76.7294658,19.4619998931885,Hostel Area,01/22/2020,10:49
202001221015,BIO212,01/22/2020,Y,Rock Pigeon,Columba,livia,1,30.6636029,76.7293316,24.8610000610352,Hostel Area,01/22/2020,10:50
202001221015,BIO212,01/22/2020,Y,Black Drongo,Dicrurus,macrocercus,1,30.6636082,76.7293325,14.0559997558594,Hostel Area,01/22/2020,10:50
202001221015,BIO212,01/22/2020,Y,House Crow,Corvus,splendens,1,30.6645877,76.7286659,22.8139991760254,Other Zone,01/22/2020,10:52
202001221015,BIO212,01/22/2020,Y,White-throated Fantail,Rhipidura,albicollis,2,30.6649386,76.7289674,24.548999786377,Health Center,01/22/2020,10:53
202001221015,BIO212,01/22/2020,Y,Eurasian Hoopoe,Upupa,epops,1,30.6646714,76.727688,16.931999206543,Hostel Area,01/22/2020,10:57
202001221015,BIO212,01/22/2020,Y,Paddyfield Pipit,Anthus,rufulus,1,30.6646852,76.7276829,11.831000328064,Hostel Area,01/22/2020,10:58
202001221015,BIO212,01/22/2020,Y,White Throated Kingfisher,Halcyon,smyrnensis,1,30.6654472,76.7271498,8.01900005340576,Sports Complex,01/22/2020,11:00
202001221015,BIO212,01/22/2020,Y,Rufous Treepie,Dendrocitta,vagabunda,1,30.6658651,76.727008,14.21399974823,Sports Complex,01/22/2020,11:02
202001221015,BIO212,01/22/2020,Y,Grey Wagtail,Motacilla,cinerea,1,30.6658966,76.7262559,22.9899997711182,Sports Complex,01/22/2020,11:04
202001221015,BIO212,01/22/2020,Y,Grey Wagtail,Motacilla,cinerea,7,30.6660564,76.726001,20.4080009460449,Sports Complex,01/22/2020,11:06
202001221015,BIO212,01/22/2020,Y,Paddyfield Pipit,Anthus,rufulus,2,30.6660828,76.7259516,12.6319999694824,Sports Complex,01/22/2020,11:06
202001221015,BIO212,01/22/2020,Y,Black Drongo,Dicrurus,macrocercus,1,30.6667186,76.7251627,17.6000003814697,Other Zone,01/22/2020,11:07
202001221015,BIO212,01/22/2020,Y,Eurasian Hoopoe,Upupa,epops,2,30.666113,76.7254128,17.1110000610352,Sports Complex,01/22/2020,11:08
202001221015,BIO212,01/22/2020,Y,Oriental Magpie Robin,Copsychus,saularis,1,30.6662003,76.7249727,24.863000869751,Sports Complex,01/22/2020,11:09
202001221015,BIO212,01/22/2020,Y,Long-tailed Shrike,Lanius,schach,1,30.6638226,76.7290267,16,Hostel Area,01/22/2020,11:12
202001221015,BIO212,01/22/2020,Y,Long-tailed Shrike,Lanius,schach,1,30.6661184,76.7242678,22.1219997406006,Guava Garden,01/22/2020,11:15
202001221015,BIO212,01/22/2020,Y,Indian Grey Hornbill,Ocyceros,birostris,2,30.6661034,76.7242674,22.5219993591309,Guava Garden,01/22/2020,11:15
202001221015,BIO212,01/22/2020,Y,House Crow,Corvus,splendens,6,30.6648914,76.7234931,21.0659999847412,Guava Garden,01/22/2020,11:20
202001221015,BIO212,01/22/2020,Y,Cattle Egret,Bubulcus,ibis,1,30.6645277,76.7236159,11.6540002822876,Guava Garden,01/22/2020,11:21
202001221015,BIO212,01/22/2020,Y,Cattle Egret,Bubulcus,ibis,2,30.6644093,76.724285,16.2210006713867,Shopping Complex,01/22/2020,11:23
202001221015,BIO212,01/22/2020,Y,Oriental Magpie Robin,Copsychus,saularis,1,30.6643963,76.7242989,14.9420003890991,Shopping Complex,01/22/2020,11:23
202001221015,BIO212,01/22/2020,Y,Rose-ringed Parakeet,Psittacula,krameri,6,30.6643965,76.7248269,16.4200000762939,Shopping Complex,01/22/2020,11:25
202001221015,BIO212,01/22/2020,Y,Common Chiffchaff,Phylloscopus,collybita,1,30.6644804,76.7248103,5.46299982070923,Shopping Complex,01/22/2020,11:26
202001221015,BIO212,01/22/2020,Y,Red-vented Bulbul,Pycnonotus,cafer,1,30.6645104,76.7247943,15.4540004730225,Shopping Complex,01/22/2020,11:27
202001221015,BIO212,01/22/2020,Y,Rufous Treepie,Dendrocitta,vagabunda,3,30.6645071,76.7247998,18.4589996337891,Shopping Complex,01/22/2020,11:28
202001221015,BIO212,01/22/2020,Y,Indian White-Eye,Zosterops,palpebrosus,10,30.6638226,76.7290267,16.1000003814697,Hostel Area,01/22/2020,11:28
202001221015,BIO212,01/22/2020,Y,Spotted Owlet,Athene,brama,1,30.664549,76.7251972,24.2660007476807,Shopping Complex,01/22/2020,11:33
202001221015,BIO212,01/22/2020,Y,Black Redstart,Phoenicurus,ochruros,1,30.6647989,76.727763,17.4190006256104,Hostel Area,01/22/2020,11:41
202001221015,BIO212,01/22/2020,Y,Verditer Flycatcher,Eumyias,thalassinus,2,30.6648533,76.7288063,21.9659996032715,Health Center,01/22/2020,11:44
202001221015,BIO212,01/22/2020,Y,Indian White-Eye,Zosterops,palpebrosus,8,30.6649714,76.7290568,22.9449996948242,Health Center,01/22/2020,11:49
202001221015,BIO212,01/22/2020,Y,Indian Grey Hornbill,Ocyceros,birostris,1,30.6649861,76.7290551,5.10500001907349,Health Center,01/22/2020,11:50
202001221015,BIO212,01/22/2020,Y,Rufous Treepie,Dendrocitta,vagabunda,1,30.665116,76.7294047,19.8369998931885,Health Center,01/22/2020,11:52
202001221015,BIO212,01/22/2020,Y,Rufous Treepie,Dendrocitta,vagabunda,3,30.6639399,76.7290033,24.693000793457,Hostel Area,01/22/2020,11:55
